lake,band,n,area_ha,per_ha
Bellandur Lake,0–100 m,128,120.52406258427415,1.062028587946896
Bellandur Lake,100–250 m,605,184.2322957130591,3.2838976340081247
Bellandur Lake,250–500 m,1346,327.69354564327415,4.1074962198530764
Bellandur Lake,500–1000 m,3830,749.2366232723449,5.111869709828384
Varthur Lake,0–100 m,49,77.09307224667913,0.6355953728658249
Varthur Lake,100–250 m,633,121.37276436004602,5.2153380813033
Varthur Lake,250–500 m,1418,229.93806005598464,6.166878156903427
Varthur Lake,500–1000 m,4396,568.8545033178945,7.727810845057812
Hebbal Lake,0–100 m,15,39.6543168599383,0.3782690306576458
Hebbal Lake,100–250 m,147,65.30988701792658,2.250807752272649
Hebbal Lake,250–500 m,1710,137.84159385608604,12.40554430751382
Hebbal Lake,500–1000 m,4292,388.86218800515763,11.037329245143972
Madiwala Lake,0–100 m,409,54.36024521575675,7.523880703199038
Madiwala Lake,100–250 m,1652,86.23502969126221,19.156948236864693
Madiwala Lake,250–500 m,2473,172.41316931304735,14.343451894384126
Madiwala Lake,500–1000 m,5290,456.599802801131,11.58563794278296
Ulsoor Lake,0–100 m,144,34.3786624253931,4.188644637135077
Ulsoor Lake,100–250 m,790,59.68858491764965,13.235361519961257
Ulsoor Lake,250–500 m,1750,129.42698973366228,13.521136538840844
Ulsoor Lake,500–1000 m,5241,372.2107332000519,14.080733123789642
Sankey Tank,0–100 m,108,21.279913729736094,5.075208545093071
Sankey Tank,100–250 m,649,42.207419187327936,15.376443584943267
Sankey Tank,250–500 m,1472,100.34449259492636,14.669464780117165
Sankey Tank,500–1000 m,3429,313.9109855769731,10.923478812624053
