dataset_id,dataset,provider,provider_country,modality,theme,access_tier,res_m,year_start,year_end,cadence_days,cost,url,used
S2,Sentinel-2 MSI L2A,ESA Copernicus,EU,Satellite,Optical imagery,open_api,10.0,2015,2026,5.0,Free,https://dataspace.copernicus.eu,True
OSM,OpenStreetMap (Overpass API),OSM Foundation,Global,Non-satellite,Vector geodata,open_api,,2004,2026,1.0,Free (ODbL),https://overpass-api.de,True
POWER,NASA POWER (MERRA-2 / GPM),NASA LaRC,USA,Satellite,Meteorology,open_api,55000.0,1981,2026,1.0,Free,https://power.larc.nasa.gov,True
GIBS,NASA GIBS worldview tiles,NASA EOSDIS,USA,Satellite,Optical imagery,open_api,250.0,2000,2026,1.0,Free,https://gibs.earthdata.nasa.gov,True
LANDSAT,Landsat 5/7/8/9 Surface Reflectance,USGS/NASA,USA,Satellite,Optical imagery,open_download,30.0,1984,2026,16.0,Free,https://earthexplorer.usgs.gov,False
SRTM,NASA SRTM DEM,NASA JPL,USA,Satellite,Elevation,open_download,30.0,2000,2000,,Free,https://earthdata.nasa.gov,False
CARTODEM,CartoDEM v3,ISRO / NRSC,India,Satellite,Elevation,open_download,30.0,2011,2011,,Free (login),https://bhuvan.nrsc.gov.in,False
IMERG,GPM IMERG precipitation,NASA/JAXA,USA,Satellite,Precipitation,open_api,10000.0,2000,2026,0.02,Free,https://gpm.nasa.gov,False
GHSL,Global Human Settlement Layer,EC JRC,EU,Satellite,Built-up / urban,open_download,100.0,1975,2030,1825.0,Free,https://ghsl.jrc.ec.europa.eu,False
GUF,Global Urban Footprint,DLR,EU,Satellite,Built-up / urban,open_download,12.0,2011,2012,,Free (research),https://www.dlr.de,False
WORLDPOP,WorldPop gridded population,Univ. Southampton,UK,Satellite,Population,open_download,100.0,2000,2020,365.0,Free,https://www.worldpop.org,False
ASCAT,ASCAT soil moisture,EUMETSAT,EU,Satellite,Soil moisture,open_download,25000.0,2007,2026,1.0,Free,https://www.eumetsat.int,False
BHUVAN,Bhuvan LULC & soil layers,ISRO / NRSC,India,Satellite,Land cover / soil,open_download,56.0,2005,2023,365.0,Free (login),https://bhuvan.nrsc.gov.in,False
CENSUS,Census of India 2011,Registrar General of India,India,Non-satellite,Demographics,open_download,,2011,2011,,Free,https://censusindia.gov.in,False
CPCB_WQ,"CPCB / NWIC water quality (pH, DO)",CPCB / NWIC,India,Non-satellite,Water quality,open_download,,2012,2025,30.0,Free,https://nwic.gov.in,False
IMD,IMD rainfall records,India Meteorological Dept.,India,Non-satellite,Meteorology,open_download,25000.0,1901,2026,1.0,Free / paid archives,https://mausam.imd.gov.in,False
DATAGOVIN,data.gov.in open data catalogue,NIC / Govt. of India,India,Non-satellite,Open data portal,open_api,,2012,2026,1.0,Free,https://data.gov.in,False
NWA,National Wetland Atlas,SAC / ISRO,India,Non-satellite,Waterbody register,open_download,,2011,2011,,Free,https://vedas.sac.gov.in,False
NEWS,News / media scraping,Various outlets,Global,Non-satellite,Unstructured text,scrape,,2000,2026,1.0,Free / paywalled,https://news.google.com,False
OPENMETEO,Open-Meteo reanalysis archive,Open-Meteo,EU,Non-satellite,Meteorology,open_api,11000.0,1940,2026,1.0,Free (CC-BY),https://open-meteo.com,False
