dataset_id,url,http_status,reachable,latency_s,bytes,error
BHUVAN,https://bhuvan.nrsc.gov.in,200.0,True,5.03,14995,
CENSUS,https://censusindia.gov.in,,False,4.04,0,SSLError
DATAGOVIN,https://data.gov.in,200.0,True,1.83,1232484,
GHSL,https://ghsl.jrc.ec.europa.eu/download.php,200.0,True,23.35,26368,
GIBS,https://gibs.earthdata.nasa.gov/wmts/epsg4326/best/MODIS_Terra_CorrectedReflectance_TrueColor/default/2024-01-15/250m/6/13/45.jpg,200.0,True,17.23,24551,
IMD,https://mausam.imd.gov.in,200.0,True,3.66,231915,
LANDSAT,https://landsatlook.usgs.gov/stac-server/,200.0,True,1.86,2757,
NWA,https://vedas.sac.gov.in,200.0,True,7.74,79046,
OPENMETEO,https://archive-api.open-meteo.com/v1/archive?latitude=12.97&longitude=77.59&start_date=2024-01-01&end_date=2024-01-02&daily=precipitation_sum,200.0,True,1.37,305,
OSM,https://overpass-api.de/api/status,200.0,True,1.29,213,
POWER,https://power.larc.nasa.gov/api/temporal/daily/point?parameters=PRECTOTCORR&community=AG&longitude=77.6&latitude=12.9&start=20240101&end=20240102&format=JSON,200.0,True,2.26,510,
S2,https://earth-search.aws.element84.com/v1/collections/sentinel-2-l2a,200.0,True,2.27,18299,
WORLDPOP,https://www.worldpop.org,200.0,True,31.44,271172,
