lake,year,ref_ha,water_ha,veg_ha,other_ha,water_frac,veg_frac,wet_frac,valid_frac,mean_mndwi,mean_ndwi,mean_ndvi,scl_water_ha,collar_veg_frac,collar_water_frac
Bellandur Lake,2019,315.08,38.96,273.92,2.2,0.1237,0.8694,0.993,1.0,-0.3146,-0.5882,0.6633,41.4,0.4667,0.001
Bellandur Lake,2020,315.08,17.76,284.52,12.8,0.0564,0.903,0.9594,1.0,-0.4688,-0.6156,0.6862,26.68,0.4914,0.003
Bellandur Lake,2021,315.08,0.0,170.6,144.48,0.0,0.5414,0.5414,1.0,-0.4377,-0.4522,0.4029,16.36,0.6155,0.0048
Bellandur Lake,2022,315.08,20.32,238.72,56.04,0.0645,0.7576,0.8221,1.0,-0.4001,-0.4891,0.506,22.04,0.5993,0.0056
Bellandur Lake,2023,315.08,30.68,149.72,134.68,0.0974,0.4752,0.5726,1.0,-0.3337,-0.3976,0.3834,38.68,0.6335,0.0043
Bellandur Lake,2024,315.08,45.8,123.8,145.48,0.1454,0.3929,0.5383,1.0,-0.2645,-0.3316,0.3138,48.08,0.4786,0.0039
Bellandur Lake,2025,315.08,67.8,245.8,1.48,0.2152,0.7801,0.9953,1.0,-0.2338,-0.4562,0.5546,63.56,0.6524,0.0055
Hebbal Lake,2019,45.44,36.04,8.2,1.2,0.7931,0.1805,0.9736,1.0,0.3451,0.1478,-0.0984,32.32,0.3128,0.0008
Hebbal Lake,2020,45.44,26.52,18.8,0.12,0.5836,0.4137,0.9974,1.0,0.164,0.0563,0.0604,25.48,0.4935,0.0003
Hebbal Lake,2021,45.44,34.64,8.76,2.04,0.7623,0.1928,0.9551,1.0,0.289,0.2277,-0.1315,34.16,0.5943,0.0005
Hebbal Lake,2022,45.44,35.88,8.68,0.88,0.7896,0.191,0.9806,1.0,0.4233,0.2681,-0.1057,35.52,0.567,0.0007
Hebbal Lake,2023,45.44,34.4,9.68,1.36,0.757,0.213,0.9701,1.0,0.2742,0.2262,-0.0447,33.36,0.6126,0.0008
Hebbal Lake,2024,45.44,37.0,7.6,0.84,0.8143,0.1673,0.9815,1.0,0.3633,0.084,0.0542,33.52,0.4411,0.0002
Hebbal Lake,2025,45.44,35.48,9.44,0.52,0.7808,0.2077,0.9886,1.0,0.3925,0.1449,0.089,35.8,0.5704,0.002
Madiwala Lake,2019,82.92,61.36,10.84,10.72,0.74,0.1307,0.8707,1.0,0.2015,-0.0077,0.1185,44.24,0.1433,0.0
Madiwala Lake,2020,82.92,4.8,76.04,2.08,0.0579,0.917,0.9749,1.0,-0.416,-0.642,0.7977,12.32,0.2229,0.0025
Madiwala Lake,2021,82.92,62.6,17.08,3.24,0.7549,0.206,0.9609,1.0,0.2475,-0.0906,0.3178,53.0,0.24,0.0023
Madiwala Lake,2022,82.92,59.08,23.52,0.32,0.7125,0.2836,0.9961,1.0,0.3158,-0.136,0.4388,54.88,0.2233,0.0015
Madiwala Lake,2023,82.92,40.52,40.92,1.48,0.4887,0.4935,0.9822,1.0,-0.0457,-0.0664,0.2123,39.32,0.2289,0.002
Madiwala Lake,2024,82.92,66.2,13.24,3.48,0.7984,0.1597,0.958,1.0,0.3576,0.0783,0.0085,59.44,0.1619,0.0003
Madiwala Lake,2025,82.92,41.76,40.56,0.6,0.5036,0.4891,0.9928,1.0,0.038,-0.3025,0.489,42.44,0.2328,0.0067
Sankey Tank,2019,12.4,10.52,0.6,1.28,0.8484,0.0484,0.8968,1.0,0.2943,0.1667,-0.0264,2.0,0.5192,0.0014
Sankey Tank,2020,12.4,9.64,0.84,1.92,0.7774,0.0677,0.8452,1.0,0.285,0.4778,-0.261,5.2,0.5621,0.0022
Sankey Tank,2021,12.4,8.44,0.88,3.08,0.6806,0.071,0.7516,1.0,0.0883,0.3712,-0.219,6.88,0.5515,0.0024
Sankey Tank,2022,12.4,9.12,0.48,2.8,0.7355,0.0387,0.7742,1.0,0.2589,0.4105,-0.2524,8.76,0.5302,0.0031
Sankey Tank,2023,12.4,9.04,0.64,2.72,0.729,0.0516,0.7806,1.0,0.153,0.4521,-0.2973,3.64,0.5743,0.0007
Sankey Tank,2024,12.4,10.44,0.44,1.52,0.8419,0.0355,0.8774,1.0,0.3447,0.1698,-0.0558,3.8,0.5347,0.0019
Sankey Tank,2025,12.4,9.84,0.68,1.88,0.7935,0.0548,0.8484,1.0,0.3341,0.3037,-0.1326,8.96,0.5369,0.0041
Ulsoor Lake,2019,38.12,29.56,7.4,1.16,0.7754,0.1941,0.9696,1.0,0.2241,-0.0116,0.1616,30.32,0.5004,0.0019
Ulsoor Lake,2020,38.12,29.88,6.92,1.32,0.7838,0.1815,0.9654,1.0,0.3711,0.428,-0.0733,29.88,0.5377,0.0042
Ulsoor Lake,2021,38.12,33.88,3.56,0.68,0.8888,0.0934,0.9822,1.0,0.5525,0.316,-0.0952,32.52,0.5236,0.0032
Ulsoor Lake,2022,38.12,34.92,3.04,0.16,0.9161,0.0797,0.9958,1.0,0.6444,0.1873,0.1477,33.16,0.5185,0.0039
Ulsoor Lake,2023,38.12,32.88,4.52,0.72,0.8625,0.1186,0.9811,1.0,0.5199,0.3951,-0.1436,31.8,0.5592,0.0026
Ulsoor Lake,2024,38.12,34.36,3.28,0.48,0.9014,0.086,0.9874,1.0,0.5541,0.0914,0.1354,32.24,0.5277,0.0026
Ulsoor Lake,2025,38.12,34.24,2.88,1.0,0.8982,0.0756,0.9738,1.0,0.6238,0.1798,0.1125,33.72,0.5391,0.0044
Varthur Lake,2019,153.96,12.4,140.44,1.12,0.0805,0.9122,0.9927,1.0,-0.3444,-0.6357,0.7157,14.84,0.4499,0.0038
Varthur Lake,2020,153.96,9.4,132.52,12.04,0.0611,0.8607,0.9218,1.0,-0.4368,-0.6398,0.7055,9.68,0.421,0.0006
Varthur Lake,2021,153.96,0.0,15.76,138.2,0.0,0.1024,0.1024,1.0,-0.4109,-0.2832,0.1757,0.4,0.5139,0.0046
Varthur Lake,2022,153.96,3.12,119.4,31.44,0.0203,0.7755,0.7958,1.0,-0.4156,-0.5087,0.5136,4.24,0.4926,0.0055
Varthur Lake,2023,153.96,0.0,75.4,78.56,0.0,0.4897,0.4897,1.0,-0.4371,-0.4003,0.3425,2.92,0.5324,0.0007
Varthur Lake,2024,153.96,7.6,138.04,8.32,0.0494,0.8966,0.946,1.0,-0.3401,-0.5186,0.5447,13.84,0.31,0.0
Varthur Lake,2025,153.96,26.12,125.68,2.16,0.1697,0.8163,0.986,1.0,-0.3423,-0.5217,0.5903,17.4,0.4602,0.0046
