project_key,project,uniqueness,label_availability,collection_weeks,difficulty,feasible_1sem,label_score,difficulty_score,feasible_score
lake,Illegal Lake Encroachment,9,Derived from imagery,3.0,Hard,Yes,3,2,2
school,School Infrastructure Failure,6,Poor / none,4.5,Very Hard,No,1,3,0
transformer,Transformer Failure,6,Very poor,4.5,Very Hard,No,0,3,0
treefall,Urban Tree Fall,8,Poor (manual),3.5,Very Hard,No,1,3,0
pothole,Pothole Formation,6,Moderate (complaints),2.0,Moderate,Yes,3,1,2
oxygen,Hospital Oxygen Demand,5,Proxy (case counts),2.0,Moderate,Marginal,2,1,1
garbage,Illegal Garbage Dump,8,Low (complaints/manual),2.5,Moderate,Yes,2,1,2
heatwave,Urban Heatwave Mortality Risk,5,Poor (few labels),2.0,Moderate,No,1,1,0
sewer,Sewer Blockage / Drain Choke,6,Moderate (complaints),2.5,Moderate,Yes,3,1,2
streetlight,Streetlight Failure,5,None,4.5,Very Hard,No,0,3,0
bridge,Bridge Corrosion Risk,5,None,4.5,Very Hard,No,0,3,0
railxing,Rail Crossing Accident Risk,4,Very limited,3.5,Hard,No,1,2,0
