lake,year,gsw_valid_frac,gsw_permanent_frac,gsw_any_water_frac,gsw_mean_occurrence,gsw_mean_recurrence,ours_water_frac
Bellandur Lake,2019,0.6937,0.0131,0.3666,23.9,56.8,0.141
Varthur Lake,2019,0.7106,0.0,0.5136,21.1,60.8,0.1042
Hebbal Lake,2019,0.8213,0.4912,0.7518,50.6,66.1,0.0009
Madiwala Lake,2019,0.7622,0.3121,0.7265,44.1,70.1,0.8152
Ulsoor Lake,2019,0.7629,0.4187,0.7345,42.8,65.5,0.6925
Sankey Tank,2019,0.7387,0.5323,0.7387,63.1,75.8,0.8774
Bellandur Lake,2020,0.6937,0.0,0.1685,23.9,56.8,0.0895
Varthur Lake,2020,0.7158,0.0,0.1743,21.1,60.8,0.0634
Hebbal Lake,2020,0.8213,0.3169,0.6452,50.6,66.1,0.6171
Madiwala Lake,2020,0.7694,0.0497,0.7221,44.1,70.1,0.163
Ulsoor Lake,2020,0.7744,0.4753,0.7681,42.8,65.5,0.8017
Sankey Tank,2020,0.7645,0.6065,0.7645,63.1,75.8,0.9097
Bellandur Lake,2021,0.6939,0.0,0.0734,23.9,56.8,0.0
Varthur Lake,2021,0.736,0.0,0.1613,21.1,60.8,0.0
Hebbal Lake,2021,0.8231,0.5123,0.7271,50.6,66.1,0.8415
Madiwala Lake,2021,0.7839,0.3396,0.7424,44.1,70.1,0.8452
Ulsoor Lake,2021,0.7964,0.3358,0.7964,42.8,65.5,0.8909
Sankey Tank,2021,0.771,0.5839,0.7581,63.1,75.8,0.9161
