lake,year,scene,dw_water_frac,dw_trees_frac,dw_grass_frac,dw_flooded_vegetation_frac,dw_crops_frac,dw_shrub_and_scrub_frac,dw_built_frac,dw_bare_frac,dw_snow_and_ice_frac,agreement,ours_water_frac,ours_vegetation_frac,ours_bare_frac,ours_built_frac,dw_flooded_of_our_veg
Bellandur Lake,2019,20190330T050659_20190330T052334_T43PGQ,0.1687,0.2196,0.3033,0.0117,0.2924,0.0,0.0043,0.0,0.0,0.9477,0.1311,0.8487,0.0202,0.0,0.0138
Varthur Lake,2019,20190330T050659_20190330T052334_T43PGQ,0.1463,0.5152,0.0941,0.0205,0.2149,0.0,0.0091,0.0,0.0,0.9509,0.1091,0.8872,0.0034,0.0003,0.0225
Hebbal Lake,2019,20190330T050659_20190330T052334_T43PGQ,0.8618,0.066,0.0,0.0018,0.0563,0.0053,0.0062,0.0026,0.0,0.8609,0.7887,0.081,0.1303,0.0,0.0217
Madiwala Lake,2019,20190330T050659_20190330T052334_T43PGQ,0.8437,0.0,0.0,0.0096,0.0945,0.0092,0.0352,0.0077,0.0,0.8355,0.7877,0.0545,0.1524,0.0053,0.1681
Ulsoor Lake,2019,20190330T050659_20190330T052334_T43PGQ,0.9161,0.0168,0.0157,0.0063,0.0178,0.0,0.0273,0.0,0.0,0.7681,0.7125,0.1175,0.17,0.0,0.0446
Sankey Tank,2019,20190330T050659_20190330T052334_T43PGQ,0.9742,0.0032,0.0,0.0,0.0,0.0,0.0226,0.0,0.0,0.8935,0.8935,0.0129,0.0935,0.0,0.0
Bellandur Lake,2020,20200329T050651_20200329T051221_T43PGQ,0.089,0.3054,0.2944,0.0729,0.2012,0.0225,0.0146,0.0,0.0,0.9105,0.0829,0.8557,0.0614,0.0,0.076
Varthur Lake,2020,20200329T050651_20200329T051221_T43PGQ,0.0733,0.1268,0.3692,0.0075,0.378,0.0055,0.0086,0.0312,0.0,0.9023,0.0592,0.8335,0.1073,0.0,0.009
Hebbal Lake,2020,20200329T050651_20200329T051221_T43PGQ,0.6805,0.2227,0.0141,0.0053,0.0766,0.0,0.0009,0.0,0.0,0.9181,0.6039,0.3864,0.0097,0.0,0.0114
Madiwala Lake,2020,20200329T050651_20200329T051221_T43PGQ,0.1529,0.0699,0.2214,0.2576,0.2504,0.0,0.0478,0.0,0.0,0.8664,0.1298,0.8587,0.0116,0.0,0.2702
Ulsoor Lake,2020,20200329T050651_20200329T051221_T43PGQ,0.9276,0.0052,0.0,0.0031,0.0294,0.0,0.0346,0.0,0.0,0.8321,0.8069,0.1459,0.0472,0.0,0.0216
Sankey Tank,2020,20200329T050651_20200329T051221_T43PGQ,0.9774,0.0032,0.0,0.0,0.0,0.0,0.0194,0.0,0.0,0.9129,0.9097,0.0484,0.0419,0.0,0.0
Bellandur Lake,2021,20210314T050651_20210314T051944_T43PGQ,0.0022,0.0744,0.132,0.0003,0.5336,0.1075,0.011,0.139,0.0,0.4799,0.0,0.4262,0.4626,0.1112,0.0006
Varthur Lake,2021,20210314T050651_20210314T051944_T43PGQ,0.0026,0.0,0.0114,0.0,0.7386,0.0935,0.0125,0.1413,0.0,0.1702,0.0,0.0296,0.9704,0.0,0.0
Hebbal Lake,2021,20210314T050651_20210314T051944_T43PGQ,0.8627,0.0484,0.0387,0.0431,0.0035,0.0009,0.0026,0.0,0.0,0.9252,0.7984,0.1461,0.0555,0.0,0.2771
Madiwala Lake,2021,20210314T050651_20210314T051944_T43PGQ,0.8616,0.0034,0.0434,0.0058,0.0342,0.0217,0.0299,0.0,0.0,0.905,0.8191,0.1259,0.055,0.0,0.046
Ulsoor Lake,2021,20210314T050651_20210314T051944_T43PGQ,0.978,0.0,0.0,0.0052,0.0,0.0,0.0168,0.0,0.0,0.8772,0.872,0.0682,0.0598,0.0,0.0769
Sankey Tank,2021,20210314T050651_20210314T051944_T43PGQ,0.9323,0.0,0.0,0.0,0.0,0.0,0.0677,0.0,0.0,0.9097,0.9355,0.029,0.0355,0.0,0.0
Bellandur Lake,2022,20220304T050709_20220304T051945_T43PGQ,0.0829,0.2139,0.1696,0.0453,0.3288,0.1131,0.008,0.0383,0.0,0.6887,0.0665,0.6029,0.3138,0.0168,0.072
Varthur Lake,2022,20220304T050709_20220304T051945_T43PGQ,0.0366,0.0709,0.2793,0.0218,0.4141,0.1442,0.0112,0.0218,0.0,0.6539,0.0239,0.6261,0.3435,0.0065,0.0249
Hebbal Lake,2022,20220304T050709_20220304T051945_T43PGQ,0.8759,0.0907,0.0158,0.0097,0.0044,0.0009,0.0026,0.0,0.0,0.9595,0.838,0.1444,0.0176,0.0,0.0671
Madiwala Lake,2022,20220304T050709_20220304T051945_T43PGQ,0.8046,0.028,0.0256,0.027,0.0632,0.0154,0.0362,0.0,0.0,0.8842,0.7376,0.2446,0.0174,0.0005,0.1006
Ulsoor Lake,2022,20220304T050709_20220304T051945_T43PGQ,0.9811,0.0,0.0,0.0,0.0021,0.0,0.0168,0.0,0.0,0.8741,0.872,0.0567,0.0714,0.0,0.0
Sankey Tank,2022,20220304T050709_20220304T051945_T43PGQ,0.9452,0.0065,0.0,0.0,0.0,0.0,0.0484,0.0,0.0,0.9323,0.9355,0.0129,0.0516,0.0,0.0
Bellandur Lake,2023,20230413T050651_20230413T052406_T43PGQ,0.1237,0.0114,0.1007,0.0433,0.444,0.1059,0.0135,0.1577,0.0,0.5817,0.1017,0.3586,0.5117,0.0279,0.0673
Varthur Lake,2023,20230413T050651_20230413T052406_T43PGQ,0.0169,0.0013,0.0787,0.0395,0.6703,0.0455,0.007,0.1408,0.0,0.4671,0.0003,0.3284,0.6713,0.0,0.0047
Hebbal Lake,2023,20230413T050651_20230413T052406_T43PGQ,0.882,0.0176,0.0669,0.0273,0.0026,0.0,0.0035,0.0,0.0,0.9542,0.8398,0.1488,0.0114,0.0,0.1834
Madiwala Lake,2023,20230413T050651_20230413T052406_T43PGQ,0.6083,0.0072,0.083,0.1298,0.0762,0.027,0.0685,0.0,0.0,0.8577,0.5388,0.4554,0.0058,0.0,0.2828
Ulsoor Lake,2023,20230413T050651_20230413T052406_T43PGQ,0.9801,0.0063,0.0,0.0,0.0,0.0,0.0136,0.0,0.0,0.8573,0.852,0.0892,0.0588,0.0,0.0
Sankey Tank,2023,20230413T050651_20230413T052406_T43PGQ,0.9548,0.0032,0.0,0.0,0.0,0.0,0.0419,0.0,0.0,0.929,0.9355,0.0129,0.0516,0.0,0.0
Bellandur Lake,2024,20240313T050649_20240313T052012_T43PGQ,0.1767,0.1776,0.0,0.0067,0.363,0.0826,0.0324,0.161,0.0,0.5393,0.1316,0.2682,0.5976,0.0025,0.017
Varthur Lake,2024,20240313T050649_20240313T052012_T43PGQ,0.0639,0.4383,0.0,0.1167,0.363,0.0,0.0182,0.0,0.0,0.6163,0.0631,0.6072,0.3297,0.0,0.1699
Hebbal Lake,2024,20240313T050649_20240313T052012_T43PGQ,0.8829,0.1136,0.0,0.0009,0.0,0.0,0.0026,0.0,0.0,0.978,0.8671,0.1197,0.0132,0.0,0.0074
Madiwala Lake,2024,20240313T050649_20240313T052012_T43PGQ,0.8726,0.0342,0.0,0.0029,0.0608,0.0005,0.0289,0.0,0.0,0.8919,0.8476,0.0666,0.0859,0.0,0.0435
Ulsoor Lake,2024,20240313T050649_20240313T052012_T43PGQ,0.9759,0.0084,0.0,0.0,0.0,0.0,0.0157,0.0,0.0,0.851,0.8426,0.0567,0.1007,0.0,0.0
Sankey Tank,2024,20240313T050649_20240313T052012_T43PGQ,0.9645,0.0065,0.0,0.0,0.0,0.0,0.029,0.0,0.0,0.9161,0.929,0.0065,0.0645,0.0,0.0
Bellandur Lake,2025,20250206T050909_20250206T052454_T43PGQ,0.236,0.2938,0.2184,0.1814,0.0534,0.0081,0.0089,0.0,0.0,0.9236,0.2147,0.7547,0.0306,0.0,0.2224
Varthur Lake,2025,20250206T050909_20250206T052454_T43PGQ,0.2294,0.4128,0.1676,0.0969,0.0483,0.0244,0.0205,0.0,0.0,0.8594,0.179,0.7399,0.0798,0.0013,0.1145
Hebbal Lake,2025,20250206T050909_20250206T052454_T43PGQ,0.882,0.0889,0.0264,0.0,0.0026,0.0,0.0,0.0,0.0,0.9727,0.8548,0.1391,0.0062,0.0,0.0
Madiwala Lake,2025,20250206T050909_20250206T052454_T43PGQ,0.5991,0.0671,0.0511,0.0,0.2528,0.0029,0.027,0.0,0.0,0.9098,0.5359,0.4539,0.0101,0.0,0.0
Ulsoor Lake,2025,20250206T050909_20250206T052454_T43PGQ,0.9675,0.0052,0.0,0.0,0.0,0.0,0.0273,0.0,0.0,0.8594,0.8562,0.022,0.1217,0.0,0.0
Sankey Tank,2025,20250206T050909_20250206T052454_T43PGQ,0.9516,0.0065,0.0,0.0,0.0,0.0,0.0419,0.0,0.0,0.9194,0.9323,0.0355,0.0323,0.0,0.0
