lake,year,ob_buildings_footprint,ob_buildings_ring_30m,ob_buildings_ring_75m,ob_built_ha_footprint,ob_built_ha_ring_30m,ob_built_ha_ring_75m
Bellandur Lake,2016,0.5,26.6,245.8,0.0,0.042,1.265
Bellandur Lake,2017,0.2,12.3,232.0,0.0,0.017,1.136
Bellandur Lake,2018,0.7,9.4,227.8,0.0,0.009,1.212
Bellandur Lake,2019,1.4,7.3,228.1,0.0,0.017,1.242
Bellandur Lake,2020,0.7,10.0,224.6,0.0,0.024,1.318
Bellandur Lake,2021,11.2,8.5,228.1,0.035,0.02,1.371
Bellandur Lake,2022,9.0,11.6,273.2,0.019,0.022,1.3
Bellandur Lake,2023,10.6,14.2,288.7,0.022,0.019,1.54
Hebbal Lake,2016,0.3,5.4,19.4,0.0,0.002,0.093
Hebbal Lake,2017,0.0,7.4,20.6,0.0,0.015,0.1
Hebbal Lake,2018,0.2,8.7,23.8,0.0,0.031,0.149
Hebbal Lake,2019,0.0,6.8,20.4,0.0,0.03,0.129
Hebbal Lake,2020,0.0,4.9,20.4,0.0,0.044,0.147
Hebbal Lake,2021,0.3,7.0,29.1,0.0,0.002,0.104
Hebbal Lake,2022,0.3,6.8,34.3,0.0,0.003,0.165
Hebbal Lake,2023,0.5,9.0,36.7,0.0,0.017,0.192
Madiwala Lake,2016,0.8,54.4,700.2,0.0,0.262,6.109
Madiwala Lake,2017,0.3,60.9,752.6,0.0,0.231,6.052
Madiwala Lake,2018,0.4,63.6,785.3,0.0,0.234,6.473
Madiwala Lake,2019,0.9,61.4,782.6,0.0,0.258,6.347
Madiwala Lake,2020,1.0,60.2,767.9,0.0,0.276,6.742
Madiwala Lake,2021,0.7,51.2,847.0,0.0,0.159,6.373
Madiwala Lake,2022,1.5,78.7,1017.8,0.0,0.245,6.445
Madiwala Lake,2023,0.9,78.8,1052.8,0.0,0.204,6.353
Sankey Tank,2016,1.8,14.4,141.9,0.0,0.042,1.063
Sankey Tank,2017,1.4,12.1,150.3,0.0,0.046,1.041
Sankey Tank,2018,1.3,14.6,165.9,0.0,0.06,1.174
Sankey Tank,2019,3.8,15.2,163.8,0.0,0.061,1.222
Sankey Tank,2020,1.7,13.5,160.2,0.0,0.05,1.346
Sankey Tank,2021,1.2,14.8,156.6,0.0,0.06,1.255
Sankey Tank,2022,0.2,15.9,204.1,0.0,0.033,1.107
Sankey Tank,2023,0.7,24.9,208.8,0.0,0.045,1.102
Ulsoor Lake,2016,7.4,33.4,223.0,0.001,0.218,1.772
Ulsoor Lake,2017,7.6,30.3,209.3,0.001,0.112,1.646
Ulsoor Lake,2018,5.8,36.4,227.9,0.0,0.15,1.744
Ulsoor Lake,2019,5.3,37.8,240.3,0.001,0.145,1.776
Ulsoor Lake,2020,4.2,38.1,227.8,0.0,0.14,1.699
Ulsoor Lake,2021,6.0,44.1,255.4,0.0,0.179,1.752
Ulsoor Lake,2022,5.5,50.9,291.9,0.0,0.13,1.612
Ulsoor Lake,2023,4.2,45.0,318.7,0.0,0.116,1.604
Varthur Lake,2016,4.0,10.1,62.6,0.001,0.024,0.226
Varthur Lake,2017,2.1,11.7,68.8,0.0,0.023,0.276
Varthur Lake,2018,0.2,11.7,82.8,0.0,0.013,0.256
Varthur Lake,2019,0.1,11.8,99.4,0.0,0.018,0.327
Varthur Lake,2020,0.3,8.5,82.3,0.0,0.003,0.299
Varthur Lake,2021,1.1,6.7,89.9,0.0,0.005,0.429
Varthur Lake,2022,0.2,5.0,81.6,0.0,0.001,0.296
Varthur Lake,2023,0.6,5.2,103.5,0.0,0.0,0.531
