lake,zone,year,buildings,built_ha,zone_ha
Bellandur Lake,footprint,2016,0.5,0.0,315.36
Bellandur Lake,footprint,2017,0.2,0.0,315.36
Bellandur Lake,footprint,2018,0.7,0.0,315.36
Bellandur Lake,footprint,2019,1.4,0.0,315.36
Bellandur Lake,footprint,2020,0.7,0.0,315.36
Bellandur Lake,footprint,2021,11.2,0.035,315.36
Bellandur Lake,footprint,2022,9.0,0.019,315.36
Bellandur Lake,footprint,2023,10.6,0.022,315.36
Bellandur Lake,ring_30m,2016,26.6,0.042,38.39
Bellandur Lake,ring_30m,2017,12.3,0.017,38.39
Bellandur Lake,ring_30m,2018,9.4,0.009,38.39
Bellandur Lake,ring_30m,2019,7.3,0.017,38.39
Bellandur Lake,ring_30m,2020,10.0,0.024,38.39
Bellandur Lake,ring_30m,2021,8.5,0.02,38.39
Bellandur Lake,ring_30m,2022,11.6,0.022,38.39
Bellandur Lake,ring_30m,2023,14.2,0.019,38.39
Bellandur Lake,ring_75m,2016,245.8,1.265,91.86
Bellandur Lake,ring_75m,2017,232.0,1.136,91.86
Bellandur Lake,ring_75m,2018,227.8,1.212,91.86
Bellandur Lake,ring_75m,2019,228.1,1.242,91.86
Bellandur Lake,ring_75m,2020,224.6,1.318,91.86
Bellandur Lake,ring_75m,2021,228.1,1.371,91.86
Bellandur Lake,ring_75m,2022,273.2,1.3,91.86
Bellandur Lake,ring_75m,2023,288.7,1.54,91.86
Bellandur Lake,preflight,2016,1577.1,18.219,269.4
Bellandur Lake,preflight,2017,1640.2,19.244,269.4
Bellandur Lake,preflight,2018,1738.1,20.234,269.4
Bellandur Lake,preflight,2019,1761.1,21.029,269.4
Bellandur Lake,preflight,2020,1694.7,20.992,269.4
Bellandur Lake,preflight,2021,1764.8,20.875,269.4
Bellandur Lake,preflight,2022,2186.4,20.642,269.4
Bellandur Lake,preflight,2023,2156.7,22.332,269.4
Varthur Lake,footprint,2016,4.0,0.001,154.32
Varthur Lake,footprint,2017,2.1,0.0,154.32
Varthur Lake,footprint,2018,0.2,0.0,154.32
Varthur Lake,footprint,2019,0.1,0.0,154.32
Varthur Lake,footprint,2020,0.3,0.0,154.32
Varthur Lake,footprint,2021,1.1,0.0,154.32
Varthur Lake,footprint,2022,0.2,0.0,154.32
Varthur Lake,footprint,2023,0.6,0.0,154.32
Varthur Lake,ring_30m,2016,10.1,0.024,24.6
Varthur Lake,ring_30m,2017,11.7,0.023,24.6
Varthur Lake,ring_30m,2018,11.7,0.013,24.6
Varthur Lake,ring_30m,2019,11.8,0.018,24.6
Varthur Lake,ring_30m,2020,8.5,0.003,24.6
Varthur Lake,ring_30m,2021,6.7,0.005,24.6
Varthur Lake,ring_30m,2022,5.0,0.001,24.6
Varthur Lake,ring_30m,2023,5.2,0.0,24.6
Varthur Lake,ring_75m,2016,62.6,0.226,58.45
Varthur Lake,ring_75m,2017,68.8,0.276,58.45
Varthur Lake,ring_75m,2018,82.8,0.256,58.45
Varthur Lake,ring_75m,2019,99.4,0.327,58.45
Varthur Lake,ring_75m,2020,82.3,0.299,58.45
Varthur Lake,ring_75m,2021,89.9,0.429,58.45
Varthur Lake,ring_75m,2022,81.6,0.296,58.45
Varthur Lake,ring_75m,2023,103.5,0.531,58.45
Varthur Lake,preflight,2016,787.6,7.939,175.63
Varthur Lake,preflight,2017,945.5,8.474,175.63
Varthur Lake,preflight,2018,1021.0,9.879,175.63
Varthur Lake,preflight,2019,1057.2,10.72,175.63
Varthur Lake,preflight,2020,1109.8,11.541,175.63
Varthur Lake,preflight,2021,1240.4,12.646,175.63
Varthur Lake,preflight,2022,1529.1,12.58,175.63
Varthur Lake,preflight,2023,1674.2,14.074,175.63
Madiwala Lake,footprint,2016,0.8,0.0,82.84
Madiwala Lake,footprint,2017,0.3,0.0,82.84
Madiwala Lake,footprint,2018,0.4,0.0,82.84
Madiwala Lake,footprint,2019,0.9,0.0,82.84
Madiwala Lake,footprint,2020,1.0,0.0,82.84
Madiwala Lake,footprint,2021,0.7,0.0,82.84
Madiwala Lake,footprint,2022,1.5,0.0,82.84
Madiwala Lake,footprint,2023,0.9,0.0,82.84
Madiwala Lake,ring_30m,2016,54.4,0.262,18.14
Madiwala Lake,ring_30m,2017,60.9,0.231,18.14
Madiwala Lake,ring_30m,2018,63.6,0.234,18.14
Madiwala Lake,ring_30m,2019,61.4,0.258,18.14
Madiwala Lake,ring_30m,2020,60.2,0.276,18.14
Madiwala Lake,ring_30m,2021,51.2,0.159,18.14
Madiwala Lake,ring_30m,2022,78.7,0.245,18.14
Madiwala Lake,ring_30m,2023,78.8,0.204,18.14
Madiwala Lake,ring_75m,2016,700.2,6.109,41.66
Madiwala Lake,ring_75m,2017,752.6,6.052,41.66
Madiwala Lake,ring_75m,2018,785.3,6.473,41.66
Madiwala Lake,ring_75m,2019,782.6,6.347,41.66
Madiwala Lake,ring_75m,2020,767.9,6.742,41.66
Madiwala Lake,ring_75m,2021,847.0,6.373,41.66
Madiwala Lake,ring_75m,2022,1017.8,6.445,41.66
Madiwala Lake,ring_75m,2023,1052.8,6.353,41.66
Madiwala Lake,preflight,2016,4249.6,42.365,124.57
Madiwala Lake,preflight,2017,4515.2,42.959,124.57
Madiwala Lake,preflight,2018,4649.3,46.851,124.57
Madiwala Lake,preflight,2019,4711.5,46.396,124.57
Madiwala Lake,preflight,2020,4570.6,48.249,124.57
Madiwala Lake,preflight,2021,5196.0,46.579,124.57
Madiwala Lake,preflight,2022,5948.0,47.115,124.57
Madiwala Lake,preflight,2023,6371.4,47.229,124.57
Hebbal Lake,footprint,2016,0.3,0.0,45.34
Hebbal Lake,footprint,2017,0.0,0.0,45.34
Hebbal Lake,footprint,2018,0.2,0.0,45.34
Hebbal Lake,footprint,2019,0.0,0.0,45.34
Hebbal Lake,footprint,2020,0.0,0.0,45.34
Hebbal Lake,footprint,2021,0.3,0.0,45.34
Hebbal Lake,footprint,2022,0.3,0.0,45.34
Hebbal Lake,footprint,2023,0.5,0.0,45.34
Hebbal Lake,ring_30m,2016,5.4,0.002,12.99
Hebbal Lake,ring_30m,2017,7.4,0.015,12.99
Hebbal Lake,ring_30m,2018,8.7,0.031,12.99
Hebbal Lake,ring_30m,2019,6.8,0.03,12.99
Hebbal Lake,ring_30m,2020,4.9,0.044,12.99
Hebbal Lake,ring_30m,2021,7.0,0.002,12.99
Hebbal Lake,ring_30m,2022,6.8,0.003,12.99
Hebbal Lake,ring_30m,2023,9.0,0.017,12.99
Hebbal Lake,ring_75m,2016,19.4,0.093,30.22
Hebbal Lake,ring_75m,2017,20.6,0.1,30.22
Hebbal Lake,ring_75m,2018,23.8,0.149,30.22
Hebbal Lake,ring_75m,2019,20.4,0.129,30.22
Hebbal Lake,ring_75m,2020,20.4,0.147,30.22
Hebbal Lake,ring_75m,2021,29.1,0.104,30.22
Hebbal Lake,ring_75m,2022,34.3,0.165,30.22
Hebbal Lake,ring_75m,2023,36.7,0.192,30.22
Hebbal Lake,preflight,2016,352.2,3.073,93.13
Hebbal Lake,preflight,2017,370.4,2.845,93.13
Hebbal Lake,preflight,2018,442.0,3.266,93.13
Hebbal Lake,preflight,2019,405.0,3.437,93.13
Hebbal Lake,preflight,2020,435.9,3.692,93.13
Hebbal Lake,preflight,2021,491.1,3.793,93.13
Hebbal Lake,preflight,2022,611.1,3.783,93.13
Hebbal Lake,preflight,2023,644.8,4.294,93.13
Ulsoor Lake,footprint,2016,7.4,0.001,37.87
Ulsoor Lake,footprint,2017,7.6,0.001,37.87
Ulsoor Lake,footprint,2018,5.8,0.0,37.87
Ulsoor Lake,footprint,2019,5.3,0.001,37.87
Ulsoor Lake,footprint,2020,4.2,0.0,37.87
Ulsoor Lake,footprint,2021,6.0,0.0,37.87
Ulsoor Lake,footprint,2022,5.5,0.0,37.87
Ulsoor Lake,footprint,2023,4.2,0.0,37.87
Ulsoor Lake,ring_30m,2016,33.4,0.218,11.19
Ulsoor Lake,ring_30m,2017,30.3,0.112,11.19
Ulsoor Lake,ring_30m,2018,36.4,0.15,11.19
Ulsoor Lake,ring_30m,2019,37.8,0.145,11.19
Ulsoor Lake,ring_30m,2020,38.1,0.14,11.19
Ulsoor Lake,ring_30m,2021,44.1,0.179,11.19
Ulsoor Lake,ring_30m,2022,50.9,0.13,11.19
Ulsoor Lake,ring_30m,2023,45.0,0.116,11.19
Ulsoor Lake,ring_75m,2016,223.0,1.772,26.05
Ulsoor Lake,ring_75m,2017,209.3,1.646,26.05
Ulsoor Lake,ring_75m,2018,227.9,1.744,26.05
Ulsoor Lake,ring_75m,2019,240.3,1.776,26.05
Ulsoor Lake,ring_75m,2020,227.8,1.699,26.05
Ulsoor Lake,ring_75m,2021,255.4,1.752,26.05
Ulsoor Lake,ring_75m,2022,291.9,1.612,26.05
Ulsoor Lake,ring_75m,2023,318.7,1.604,26.05
Ulsoor Lake,preflight,2016,2254.3,19.787,84.32
Ulsoor Lake,preflight,2017,2343.2,20.474,84.32
Ulsoor Lake,preflight,2018,2499.5,20.622,84.32
Ulsoor Lake,preflight,2019,2503.1,20.051,84.32
Ulsoor Lake,preflight,2020,2389.3,20.074,84.32
Ulsoor Lake,preflight,2021,2669.5,20.012,84.32
Ulsoor Lake,preflight,2022,3032.2,19.312,84.32
Ulsoor Lake,preflight,2023,3166.0,19.157,84.32
Sankey Tank,footprint,2016,1.8,0.0,12.48
Sankey Tank,footprint,2017,1.4,0.0,12.48
Sankey Tank,footprint,2018,1.3,0.0,12.48
Sankey Tank,footprint,2019,3.8,0.0,12.48
Sankey Tank,footprint,2020,1.7,0.0,12.48
Sankey Tank,footprint,2021,1.2,0.0,12.48
Sankey Tank,footprint,2022,0.2,0.0,12.48
Sankey Tank,footprint,2023,0.7,0.0,12.48
Sankey Tank,ring_30m,2016,14.4,0.042,6.04
Sankey Tank,ring_30m,2017,12.1,0.046,6.04
Sankey Tank,ring_30m,2018,14.6,0.06,6.04
Sankey Tank,ring_30m,2019,15.2,0.061,6.04
Sankey Tank,ring_30m,2020,13.5,0.05,6.04
Sankey Tank,ring_30m,2021,14.8,0.06,6.04
Sankey Tank,ring_30m,2022,15.9,0.033,6.04
Sankey Tank,ring_30m,2023,24.9,0.045,6.04
Sankey Tank,ring_75m,2016,141.9,1.063,15.72
Sankey Tank,ring_75m,2017,150.3,1.041,15.72
Sankey Tank,ring_75m,2018,165.9,1.174,15.72
Sankey Tank,ring_75m,2019,163.8,1.222,15.72
Sankey Tank,ring_75m,2020,160.2,1.346,15.72
Sankey Tank,ring_75m,2021,156.6,1.255,15.72
Sankey Tank,ring_75m,2022,204.1,1.107,15.72
Sankey Tank,ring_75m,2023,208.8,1.102,15.72
Sankey Tank,preflight,2016,1407.6,14.746,58.41
Sankey Tank,preflight,2017,1501.7,14.487,58.41
Sankey Tank,preflight,2018,1564.3,15.118,58.41
Sankey Tank,preflight,2019,1537.5,15.119,58.41
Sankey Tank,preflight,2020,1542.2,15.474,58.41
Sankey Tank,preflight,2021,1562.0,15.45,58.41
Sankey Tank,preflight,2022,1905.1,14.729,58.41
Sankey Tank,preflight,2023,1931.4,14.843,58.41
