lake,year,valid_px,valid_frac,water_ha,water_frac,vegetation_ha,vegetation_frac,bare_ha,bare_frac,built_ha,built_frac,built_frac_30m,ring_30m_px,built_frac_75m,ring_75m_px,bldg_in_30m,ring_30m_ha,bldg_in_75m,ring_75m_ha,bldg_inside_footprint,footprint_ha,footprint_acres,ktcda_tier_30m,on_grid_ha,on_grid_frac,ref_ha,scene_date,rain_30d,rain_90d,rain_365d,rain_dry_since_oct,tmax_30d,lat,lon,nominal_area_ha
Bellandur Lake,2019,7886,1.0,41.16,0.1305,268.16,0.8501,6.12,0.0194,0.0,0.0,0.001,962,0.014,2289,2,37.93,66,91.4,0,315.83,780.4,True,315.44,0.999,315.44,2019-03-30,0.1,28.07,588.05,118.67,36.78290322580645,12.9366,77.6693,360
Bellandur Lake,2020,7886,1.0,27.16,0.0861,266.52,0.8449,21.76,0.069,0.0,0.0,0.0,962,0.0149,2289,2,37.93,66,91.4,0,315.83,780.4,True,315.44,0.999,315.44,2020-03-29,8.31,8.66,798.63,249.67,35.392580645161296,12.9366,77.6693,360
Bellandur Lake,2021,7886,1.0,0.0,0.0,129.72,0.4112,157.04,0.4978,28.68,0.0909,0.0,962,0.0026,2289,2,37.93,66,91.4,0,315.83,780.4,True,315.44,0.999,315.44,2021-03-14,17.57,39.73,1097.27,322.14,32.50806451612904,12.9366,77.6693,360
Bellandur Lake,2022,7886,1.0,21.36,0.0677,180.44,0.572,109.04,0.3457,4.6,0.0146,0.001,962,0.0096,2289,2,37.93,66,91.4,0,315.83,780.4,True,315.44,0.999,315.44,2022-03-04,0.0,15.429999999999998,1139.21,398.15,31.369354838709683,12.9366,77.6693,360
Bellandur Lake,2023,7886,1.0,31.36,0.0994,105.68,0.335,158.04,0.501,20.36,0.0645,0.0042,962,0.0066,2289,2,37.93,66,91.4,0,315.83,780.4,True,315.44,0.999,315.44,2023-04-13,49.14,49.64,1562.0500000000002,393.96,34.13161290322581,12.9366,77.6693,360
Bellandur Lake,2024,7886,1.0,40.84,0.1295,81.84,0.2594,191.76,0.6079,1.0,0.0032,0.001,962,0.0192,2289,2,37.93,66,91.4,0,315.83,780.4,True,315.44,0.999,315.44,2024-03-13,0.0,3.78,757.1600000000001,145.8,35.38516129032258,12.9366,77.6693,360
Bellandur Lake,2025,7886,1.0,68.2,0.2162,235.88,0.7478,11.36,0.036,0.0,0.0,0.0,962,0.0031,2289,2,37.93,66,91.4,0,315.83,780.4,True,315.44,0.999,315.44,2025-02-06,6.66,145.79000000000002,942.06,376.9100000000001,30.21322580645162,12.9366,77.6693,360
Hebbal Lake,2019,1136,1.0,0.0,0.0,3.92,0.0863,41.52,0.9137,0.0,0.0,0.0063,318,0.0212,753,0,12.99,7,30.22,0,45.34,112.0,True,45.44,1.002,45.44,2019-03-30,0.1,28.07,588.05,118.67,36.78290322580645,13.045,77.591,75
Hebbal Lake,2020,1136,1.0,27.56,0.6065,17.76,0.3908,0.12,0.0026,0.0,0.0,0.0031,318,0.0239,753,0,12.99,7,30.22,0,45.34,112.0,True,45.44,1.002,45.44,2020-03-29,8.31,8.66,798.63,249.67,35.392580645161296,13.045,77.591,75
Hebbal Lake,2021,1136,1.0,38.0,0.8363,7.36,0.162,0.08,0.0018,0.0,0.0,0.0,318,0.004,753,0,12.99,7,30.22,0,45.34,112.0,True,45.44,1.002,45.44,2021-03-14,17.57,39.73,1097.27,322.14,32.50806451612904,13.045,77.591,75
Hebbal Lake,2022,1136,1.0,38.6,0.8495,6.84,0.1505,0.0,0.0,0.0,0.0,0.0,318,0.0173,753,0,12.99,7,30.22,0,45.34,112.0,True,45.44,1.002,45.44,2022-03-04,0.0,15.429999999999998,1139.21,398.15,31.369354838709683,13.045,77.591,75
Hebbal Lake,2023,1136,1.0,38.16,0.8398,7.04,0.1549,0.2,0.0044,0.04,0.0009,0.0063,318,0.0385,753,0,12.99,7,30.22,0,45.34,112.0,True,45.44,1.002,45.44,2023-04-13,49.14,49.64,1562.0500000000002,393.96,34.13161290322581,13.045,77.591,75
Hebbal Lake,2024,1136,1.0,39.32,0.8653,5.72,0.1259,0.4,0.0088,0.0,0.0,0.0,318,0.0173,753,0,12.99,7,30.22,0,45.34,112.0,True,45.44,1.002,45.44,2024-03-13,0.0,3.78,757.1600000000001,145.8,35.38516129032258,13.045,77.591,75
Hebbal Lake,2025,1136,1.0,38.6,0.8495,6.56,0.1444,0.2,0.0044,0.08,0.0018,0.0063,318,0.0398,753,0,12.99,7,30.22,0,45.34,112.0,True,45.44,1.002,45.44,2025-02-06,6.66,145.79000000000002,942.06,376.9100000000001,30.21322580645162,13.045,77.591,75
Madiwala Lake,2019,1372,1.0,51.8,0.9439,1.16,0.0211,1.04,0.019,0.88,0.016,0.3796,274,0.629,628,11,18.14,229,41.66,0,82.84,204.7,True,54.88,0.662,54.88,2019-03-30,0.1,28.07,588.05,118.67,36.78290322580645,12.9165,77.618,45
Madiwala Lake,2020,1372,1.0,16.56,0.3017,38.32,0.6983,0.0,0.0,0.0,0.0,0.1095,274,0.4045,628,11,18.14,229,41.66,0,82.84,204.7,True,54.88,0.662,54.88,2020-03-29,8.31,8.66,798.63,249.67,35.392580645161296,12.9165,77.618,45
Madiwala Lake,2021,1372,1.0,52.88,0.9636,1.6,0.0292,0.4,0.0073,0.0,0.0,0.1131,274,0.4363,628,11,18.14,229,41.66,0,82.84,204.7,True,54.88,0.662,54.88,2021-03-14,17.57,39.73,1097.27,322.14,32.50806451612904,12.9165,77.618,45
Madiwala Lake,2022,1372,1.0,51.56,0.9395,3.28,0.0598,0.0,0.0,0.04,0.0007,0.1715,274,0.4889,628,11,18.14,229,41.66,0,82.84,204.7,True,54.88,0.662,54.88,2022-03-04,0.0,15.429999999999998,1139.21,398.15,31.369354838709683,12.9165,77.618,45
Madiwala Lake,2023,1372,1.0,37.36,0.6808,17.52,0.3192,0.0,0.0,0.0,0.0,0.1715,274,0.4793,628,11,18.14,229,41.66,0,82.84,204.7,True,54.88,0.662,54.88,2023-04-13,49.14,49.64,1562.0500000000002,393.96,34.13161290322581,12.9165,77.618,45
Madiwala Lake,2024,1372,1.0,53.36,0.9723,1.2,0.0219,0.16,0.0029,0.16,0.0029,0.3686,274,0.6624,628,11,18.14,229,41.66,0,82.84,204.7,True,54.88,0.662,54.88,2024-03-13,0.0,3.78,757.1600000000001,145.8,35.38516129032258,12.9165,77.618,45
Madiwala Lake,2025,1372,1.0,41.4,0.7544,13.44,0.2449,0.0,0.0,0.04,0.0007,0.1642,274,0.4745,628,11,18.14,229,41.66,0,82.84,204.7,True,54.88,0.662,54.88,2025-02-06,6.66,145.79000000000002,942.06,376.9100000000001,30.21322580645162,12.9165,77.618,45
Sankey Tank,2019,310,1.0,11.72,0.9452,0.24,0.0194,0.44,0.0355,0.0,0.0,0.0,157,0.1061,396,5,6.04,63,15.72,4,12.48,30.8,False,12.4,0.994,12.4,2019-03-30,0.1,28.07,588.05,118.67,36.78290322580645,13.007,77.573,15
Sankey Tank,2020,310,1.0,11.44,0.9226,0.4,0.0323,0.56,0.0452,0.0,0.0,0.0,157,0.1035,396,5,6.04,63,15.72,4,12.48,30.8,False,12.4,0.994,12.4,2020-03-29,8.31,8.66,798.63,249.67,35.392580645161296,13.007,77.573,15
Sankey Tank,2021,310,1.0,11.48,0.9258,0.32,0.0258,0.6,0.0484,0.0,0.0,0.0064,157,0.1313,396,5,6.04,63,15.72,4,12.48,30.8,False,12.4,0.994,12.4,2021-03-14,17.57,39.73,1097.27,322.14,32.50806451612904,13.007,77.573,15
Sankey Tank,2022,310,1.0,11.84,0.9548,0.12,0.0097,0.44,0.0355,0.0,0.0,0.0,157,0.1111,396,5,6.04,63,15.72,4,12.48,30.8,False,12.4,0.994,12.4,2022-03-04,0.0,15.429999999999998,1139.21,398.15,31.369354838709683,13.007,77.573,15
Sankey Tank,2023,310,1.0,11.76,0.9484,0.16,0.0129,0.48,0.0387,0.0,0.0,0.0,157,0.1035,396,5,6.04,63,15.72,4,12.48,30.8,False,12.4,0.994,12.4,2023-04-13,49.14,49.64,1562.0500000000002,393.96,34.13161290322581,13.007,77.573,15
Sankey Tank,2024,310,1.0,11.84,0.9548,0.08,0.0065,0.48,0.0387,0.0,0.0,0.0,157,0.0808,396,5,6.04,63,15.72,4,12.48,30.8,False,12.4,0.994,12.4,2024-03-13,0.0,3.78,757.1600000000001,145.8,35.38516129032258,13.007,77.573,15
Sankey Tank,2025,310,1.0,11.8,0.9516,0.4,0.0323,0.2,0.0161,0.0,0.0,0.0,157,0.1136,396,5,6.04,63,15.72,4,12.48,30.8,False,12.4,0.994,12.4,2025-02-06,6.66,145.79000000000002,942.06,376.9100000000001,30.21322580645162,13.007,77.573,15
Ulsoor Lake,2019,953,1.0,30.68,0.8048,4.48,0.1175,2.96,0.0776,0.0,0.0,0.0331,272,0.1292,650,8,11.19,75,26.05,0,37.87,93.6,False,38.12,1.007,38.12,2019-03-30,0.1,28.07,588.05,118.67,36.78290322580645,12.982,77.621,50
Ulsoor Lake,2020,953,1.0,31.36,0.8227,5.04,0.1322,1.64,0.043,0.08,0.0021,0.0551,272,0.1477,650,8,11.19,75,26.05,0,37.87,93.6,False,38.12,1.007,38.12,2020-03-29,8.31,8.66,798.63,249.67,35.392580645161296,12.982,77.621,50
Ulsoor Lake,2021,953,1.0,35.56,0.9328,2.12,0.0556,0.44,0.0115,0.0,0.0,0.0184,272,0.1046,650,8,11.19,75,26.05,0,37.87,93.6,False,38.12,1.007,38.12,2021-03-14,17.57,39.73,1097.27,322.14,32.50806451612904,12.982,77.621,50
Ulsoor Lake,2022,953,1.0,35.04,0.9192,2.56,0.0672,0.52,0.0136,0.0,0.0,0.0294,272,0.1154,650,8,11.19,75,26.05,0,37.87,93.6,False,38.12,1.007,38.12,2022-03-04,0.0,15.429999999999998,1139.21,398.15,31.369354838709683,12.982,77.621,50
Ulsoor Lake,2023,953,1.0,34.72,0.9108,2.84,0.0745,0.56,0.0147,0.0,0.0,0.0257,272,0.1169,650,8,11.19,75,26.05,0,37.87,93.6,False,38.12,1.007,38.12,2023-04-13,49.14,49.64,1562.0500000000002,393.96,34.13161290322581,12.982,77.621,50
Ulsoor Lake,2024,953,1.0,29.32,0.7692,3.56,0.0934,5.24,0.1375,0.0,0.0,0.0074,272,0.12,650,8,11.19,75,26.05,0,37.87,93.6,False,38.12,1.007,38.12,2024-03-13,0.0,3.78,757.1600000000001,145.8,35.38516129032258,12.982,77.621,50
Ulsoor Lake,2025,953,1.0,35.4,0.9286,0.88,0.0231,1.84,0.0483,0.0,0.0,0.0037,272,0.0308,650,8,11.19,75,26.05,0,37.87,93.6,False,38.12,1.007,38.12,2025-02-06,6.66,145.79000000000002,942.06,376.9100000000001,30.21322580645162,12.982,77.621,50
Varthur Lake,2019,3849,1.0,16.36,0.1063,136.96,0.8896,0.6,0.0039,0.04,0.0003,0.0064,626,0.0027,1478,1,24.6,17,58.45,0,154.32,381.3,True,153.96,0.998,153.96,2019-03-30,0.1,28.07,588.05,118.67,36.78290322580645,12.9403,77.7418,180
Varthur Lake,2020,3849,1.0,10.4,0.0676,127.92,0.8309,15.64,0.1016,0.0,0.0,0.0,626,0.0007,1478,1,24.6,17,58.45,0,154.32,381.3,True,153.96,0.998,153.96,2020-03-29,8.31,8.66,798.63,249.67,35.392580645161296,12.9403,77.7418,180
Varthur Lake,2021,3849,1.0,0.0,0.0,4.56,0.0296,149.4,0.9704,0.0,0.0,0.0,626,0.0,1478,1,24.6,17,58.45,0,154.32,381.3,True,153.96,0.998,153.96,2021-03-14,17.57,39.73,1097.27,322.14,32.50806451612904,12.9403,77.7418,180
Varthur Lake,2022,3849,1.0,4.32,0.0281,94.44,0.6134,50.12,0.3255,5.08,0.033,0.0016,626,0.0014,1478,1,24.6,17,58.45,0,154.32,381.3,True,153.96,0.998,153.96,2022-03-04,0.0,15.429999999999998,1139.21,398.15,31.369354838709683,12.9403,77.7418,180
Varthur Lake,2023,3849,1.0,0.0,0.0,49.6,0.3222,104.36,0.6778,0.0,0.0,0.0016,626,0.0047,1478,1,24.6,17,58.45,0,154.32,381.3,True,153.96,0.998,153.96,2023-04-13,49.14,49.64,1562.0500000000002,393.96,34.13161290322581,12.9403,77.7418,180
Varthur Lake,2024,3849,1.0,7.16,0.0465,93.92,0.61,52.88,0.3435,0.0,0.0,0.0032,626,0.0054,1478,1,24.6,17,58.45,0,154.32,381.3,True,153.96,0.998,153.96,2024-03-13,0.0,3.78,757.1600000000001,145.8,35.38516129032258,12.9403,77.7418,180
Varthur Lake,2025,3849,1.0,31.12,0.2021,111.04,0.7212,11.8,0.0766,0.0,0.0,0.0112,626,0.0298,1478,1,24.6,17,58.45,0,154.32,381.3,True,153.96,0.998,153.96,2025-02-06,6.66,145.79000000000002,942.06,376.9100000000001,30.21322580645162,12.9403,77.7418,180
