n_pixels,accuracy,macro_f1,macro_iou,kappa,iou_water,f1_water,support_water,iou_vegetation,f1_vegetation,support_vegetation,iou_bare,f1_bare,support_bare,iou_built,f1_built,support_built,water_as_veg,veg_as_water,model,fold,test_lake,n_train_px
166634,0.8889242291489132,0.7985339691361867,0.7108591758353449,0.8135158499375535,0.83092694195784,0.9076571248324266,6509,0.9392654965436805,0.9686816974960027,68711,0.8004883427851291,0.88919025329192,81481,0.27275592205472976,0.42860680092439746,9933,0.0049162697803041945,0.0022849325435519785,random_forest,0,Bellandur Lake,200000
166634,0.7506211217398611,0.7968855411049778,0.4996092564576111,0.5647259872639866,0.7514116318464145,0.8580639961312162,6509,0.6856457656757432,0.8135110942492486,68711,0.5613796283082868,0.7190815329344685,81481,0.0,,9933,0.07727761560915655,0.0013680487840374903,mndwi_rule,0,Bellandur Lake,200000
102474,0.861662470480317,0.7629776093492149,0.6655861082078893,0.7559258171037463,0.71499176276771,0.8338136407300671,1607,0.9322162985529322,0.9649191959006701,33937,0.7857743321501961,0.8800376598582524,56381,0.22936203936071853,0.37313994090787,10549,0.03360298693217175,0.0020626454901729674,random_forest,1,Varthur Lake,200000
102474,0.7165622499365693,0.7535050891964082,0.4536318547249847,0.5034231923893765,0.5942028985507246,0.7454545454545455,1607,0.6375244839535935,0.7786442159501299,33937,0.5828000363956204,0.7364165061845497,56381,0.0,,10549,0.1997510889856876,0.0025635736806435454,mndwi_rule,1,Varthur Lake,200000
69612,0.7005832327759581,0.7767811311376099,0.6599342172231257,0.5615423488139563,0.8279680365296803,0.9058889652157622,7804,0.8964411670407182,0.9453930684699916,8505,0.46326927116152067,0.6331975669710944,28740,0.45205839416058397,0.6226449238935917,24563,0.007560225525371604,0.0011757789535567313,random_forest,2,Madiwala Lake,200000
69612,0.5352525426650577,0.7182215837518906,0.43337774115682326,0.32942647271087083,0.8157743895448814,0.8985415745943557,7804,0.498504837291117,0.6653363070782956,8505,0.4192317377912946,0.5907868695830205,28740,0.0,,24563,0.050230650948231675,0.0003527336860670194,mndwi_rule,2,Madiwala Lake,200000
50836,0.8083641513887796,0.7797937857522327,0.6667321353611443,0.7069299059723763,0.7497286400992402,0.8569656150301312,6053,0.8933353392507898,0.9436630909813271,12105,0.6867096944151738,0.8142594978720081,25286,0.33715486767937325,0.5042869391254644,7392,0.011729720799603502,0.0007434944237918215,random_forest,3,Hebbal Lake,200000
50836,0.6326028798489259,0.7390868561732161,0.45243286694911844,0.4503484485414938,0.8436541998773759,0.9151978716328566,6053,0.5081292274083099,0.6738536965847679,12105,0.4579480405107882,0.6282090003020236,25286,0.0,,7392,0.07236081282008922,0.0008261049153242462,mndwi_rule,3,Hebbal Lake,200000
46288,0.7652307293466989,0.7864922897970408,0.671668297301058,0.6695288464715994,0.8609496124031008,0.9252798750325437,5756,0.8509544787077826,0.9194763982546609,10870,0.5756445189687697,0.7306781600021284,17986,0.3991245791245791,0.5705347258988304,11676,0.006949270326615705,0.0022079116835326588,random_forest,4,Ulsoor Lake,200000
46288,0.5496024887659868,0.6982718862028805,0.4245364231589717,0.37187356533508753,0.8644777080315468,0.9273135359116021,5756,0.4980273419579778,0.6649108838120904,10870,0.33564064264636234,0.502591238884949,17986,0.0,,11676,0.04412786657400973,0.0012879484820607176,mndwi_rule,4,Ulsoor Lake,200000
31344,0.7224987238386932,0.7206826294654606,0.5791880834137944,0.5953788553132564,0.5288620120945574,0.6918374685364979,981,0.8514034122179417,0.9197384066587397,8248,0.527876700332769,0.6909938481525352,11580,0.40861020900990924,0.5801607945140694,10535,0.0030581039755351682,0.0009699321047526673,random_forest,5,Sankey Tank,200000
31344,0.46815977539561,0.6076975853480383,0.3354314333997412,0.2440086105364323,0.54903078677309,0.70887007729113,981,0.515919184337274,0.6806684547142562,8248,0.2767757624886007,0.4335542240387286,11580,0.0,,10535,0.0030581039755351682,0.0,mndwi_rule,5,Sankey Tank,200000
