lake,fence_m,first_year,last_year,buildings_first,buildings_last,growth_pct_per_year
Bellandur Lake,30,2016,2023,26.6,14.2,-5.1
Hebbal Lake,30,2016,2023,5.4,9.0,2.3
Madiwala Lake,30,2016,2023,54.4,78.8,3.8
Sankey Tank,30,2016,2023,14.4,24.9,5.9
Ulsoor Lake,30,2016,2023,33.4,45.0,6.3
Varthur Lake,30,2016,2023,10.1,5.2,-10.8
Bellandur Lake,75,2016,2023,245.8,288.7,2.3
Hebbal Lake,75,2016,2023,19.4,36.7,9.1
Madiwala Lake,75,2016,2023,700.2,1052.8,5.6
Sankey Tank,75,2016,2023,141.9,208.8,4.9
Ulsoor Lake,75,2016,2023,223.0,318.7,5.4
Varthur Lake,75,2016,2023,62.6,103.5,5.3
