lake,year,water_frac,pred,lo,hi,covered
Bellandur Lake,2019,0.1311,0.6107988513909678,-0.14315762312068758,0.8992507755742547,True
Bellandur Lake,2020,0.0829,0.6217088779995846,-0.12535653912471284,0.9104029056195985,True
Bellandur Lake,2021,0.0,0.630665225737922,-0.10661489441900485,0.9185029509348329,True
Bellandur Lake,2022,0.0665,0.6453166605305488,-0.09061503865479724,0.9355,True
Bellandur Lake,2023,0.1017,0.6515175356855489,-0.07054682524424177,0.9392953789118781,True
Bellandur Lake,2024,0.1316,0.6849565457418442,-0.06359188233290046,0.9856428357898822,True
Bellandur Lake,2025,0.2147,0.6964363029135859,-0.046065084040150216,0.9976850128017172,True
Hebbal Lake,2019,0.7887,0.48509595493851504,-0.15881598915090556,1.181782786804686,True
Hebbal Lake,2020,0.6039,0.48949274728516484,-0.15580540193302056,1.1914423279732018,True
Hebbal Lake,2021,0.7984,0.489579669102925,-0.15879213901850775,1.1990971902781884,True
Hebbal Lake,2022,0.838,0.5022301131187997,-0.14429632842428058,1.212595807571456,True
Hebbal Lake,2023,0.8398,0.49623838492874595,-0.15574170369371998,1.2174232668006941,True
Hebbal Lake,2024,0.8671,0.5503347483175443,-0.08357255515008694,1.2501999013776643,True
Hebbal Lake,2025,0.8548,0.5559883823083218,-0.07881303211445723,1.2604440456942092,True
Madiwala Lake,2019,0.7877,0.505772290229584,-0.08494381721966682,1.2548032727730067,True
Madiwala Lake,2020,0.1298,0.5164814083460857,-0.07404282278946717,1.2723532211538373,True
Madiwala Lake,2021,0.8191,0.5249278040827076,-0.0665802174763771,1.2904574258574009,True
Madiwala Lake,2022,0.7376,0.5399701666023762,-0.04909450875240767,1.3069459412804108,True
Madiwala Lake,2023,0.5388,0.5452252141720545,-0.04648141432218167,1.3258318702093144,True
Madiwala Lake,2024,0.8476,0.5820270724100225,0.004069602782913351,1.3369903733477462,True
Madiwala Lake,2025,0.5359,0.5933960441571771,0.01597329801401437,1.3543786898597627,True
Sankey Tank,2019,0.8935,0.4470693364568291,-0.11221430904114471,1.1075666459731004,True
Sankey Tank,2020,0.9097,0.4556859399659126,-0.10912930831071377,1.1225009510946584,True
Sankey Tank,2021,0.9355,0.4599122687539548,-0.11340269893117932,1.1353300721124973,True
Sankey Tank,2022,0.9355,0.4769365026168472,-0.09622595260212036,1.1542959267145372,True
Sankey Tank,2023,0.9355,0.4749707791637658,-0.11087763309064569,1.1641558918649908,True
Sankey Tank,2024,0.929,0.5342141402356007,-0.022938831938969395,1.2033662735457566,True
Sankey Tank,2025,0.9323,0.5441110328071,-0.017707981902485515,1.2189144910882037,True
Ulsoor Lake,2019,0.7125,0.4756098208928681,-0.18106262855261945,1.1672565943748718,True
Ulsoor Lake,2020,0.8069,0.48006614404955467,-0.1779776278221885,1.1769905490559336,True
Ulsoor Lake,2021,0.872,0.4791237430393321,-0.18225101844265407,1.1833587578259417,True
Ulsoor Lake,2022,0.872,0.4939189356430724,-0.1650742721135951,1.1995383108540412,True
Ulsoor Lake,2023,0.852,0.4853621632777497,-0.17972595260212043,1.2011594648641934,True
Ulsoor Lake,2024,0.8426,0.5520742487529827,-0.09178715145044414,1.2497057520492068,True
Ulsoor Lake,2025,0.8562,0.5581049443444436,-0.08655630141396026,1.2604212233666061,True
Varthur Lake,2019,0.1091,0.6121515028230078,-0.16685762312068758,0.8947656948784419,True
Varthur Lake,2020,0.0592,0.626087269492596,-0.14905653912471284,0.9097,True
Varthur Lake,2021,0.0,0.638826877793017,-0.13031489441900485,0.9225291210178388,True
Varthur Lake,2022,0.0239,0.6550533570151419,-0.11431503865479724,0.9414949756198787,True
Varthur Lake,2023,0.0003,0.6661059011610025,-0.09424682524424177,0.9513549407703323,True
Varthur Lake,2024,0.0631,0.693835251059507,-0.08729188233290046,0.9905653224510981,True
Varthur Lake,2025,0.179,0.7081198406557387,-0.06976508404015022,1.0061135399935455,True
