lake,year,log_bldg_75m,pred,lo,hi,covered
Bellandur Lake,2016,5.508578292031233,4.8029593482982165,2.193747787362833,7.512799315814548,True
Bellandur Lake,2017,5.4510384535657,4.8618327224358415,2.2537477262293173,7.56455808956627,True
Bellandur Lake,2018,5.432848259505643,4.920706096573466,2.3137476650958018,7.616316863317992,True
Bellandur Lake,2019,5.43415858945945,4.979579470711091,2.3737476039622862,7.6680756370697125,True
Bellandur Lake,2020,5.418763519623904,5.038452844848715,2.4337475428287707,7.719834410821434,True
Bellandur Lake,2021,5.43415858945945,5.09732621898634,2.493747481695255,7.771593184573155,True
Bellandur Lake,2022,5.613857767128214,5.156199593123964,2.5537474205617396,7.823351958324877,True
Bellandur Lake,2023,5.668845904775305,5.215072967261589,2.613747359428224,7.875110732076599,True
Hebbal Lake,2016,3.0155349008501706,5.296512228948496,3.3954194926785704,6.8733888379091885,False
Hebbal Lake,2017,3.0726933146901194,5.342501404561889,3.439314183389766,6.917853995270557,False
Hebbal Lake,2018,3.2108436531709366,5.388490580175283,3.4832088741009617,6.962319152631924,False
Hebbal Lake,2019,3.0633909220278057,5.434479755788677,3.5271035648121574,7.006784309993291,False
Hebbal Lake,2020,3.0633909220278057,5.480468931402071,3.570998255523354,7.051249467354658,False
Hebbal Lake,2021,3.40452517175483,5.526458107015465,3.6148929462345496,7.095714624716026,False
Hebbal Lake,2022,3.563882963939251,5.5724472826288585,3.6587876369457453,7.140179782077393,False
Hebbal Lake,2023,3.629660094453965,5.618436458242252,3.702682327656941,7.184644939438761,False
Madiwala Lake,2016,6.552793153047079,4.579453209697278,3.0287986239789237,6.946169886274726,True
Madiwala Lake,2017,6.624861723262153,4.632035317402483,3.0726933146901194,6.9900645769859215,True
Madiwala Lake,2018,6.667338398997471,4.684617425107687,3.116588005401315,7.033959267697117,True
Madiwala Lake,2019,6.663898686070386,4.737199532812891,3.1604826961125108,7.077853958408313,True
Madiwala Lake,2020,6.644960922038135,4.789781640518095,3.2043773868237073,7.1217486491195094,True
Madiwala Lake,2021,6.742880635791903,4.842363748223299,3.248272077534903,7.165643339830705,True
Madiwala Lake,2022,6.926380743105302,4.894945855928503,3.2921667682460987,7.209538030541901,True
Madiwala Lake,2023,6.960157957775185,4.947527963633708,3.3360614589572943,7.2534327212530965,True
Sankey Tank,2016,4.9621450849358215,4.8940401610793645,2.409005557564588,7.734279216894312,True
Sankey Tank,2017,5.01926462079431,4.947935830515982,2.462783365554814,7.7798158597697755,True
Sankey Tank,2018,5.11739483066779,5.0018314999525995,2.516561173545039,7.825352502645238,True
Sankey Tank,2019,5.1047326174753715,5.055727169389217,2.570338981535265,7.8708891455207,True
Sankey Tank,2020,5.0826458300725275,5.1096228388258345,2.624116789525491,7.916425788396164,True
Sankey Tank,2021,5.060060177423779,5.163518508262452,2.677894597515717,7.961962431271626,True
Sankey Tank,2022,5.323497665078335,5.2174141776990695,2.7316724055059423,8.007499074147088,True
Sankey Tank,2023,5.346154695962197,5.271309847135687,2.7854502134961683,8.053035717022553,True
Ulsoor Lake,2016,5.4116460518550396,4.820268716047883,2.222084885969112,7.548604574806552,True
Ulsoor Lake,2017,5.348535082708654,4.873167561877907,2.274616664451096,7.592895188173773,True
Ulsoor Lake,2018,5.433285226958521,4.926066407707931,2.3271484429330798,7.637185801540994,True
Ulsoor Lake,2019,5.4860409726309864,4.978965253537956,2.3796802214150636,7.681476414908215,True
Ulsoor Lake,2020,5.432848259505643,5.031864099367979,2.4322119998970484,7.725767028275436,True
Ulsoor Lake,2021,5.546738725046515,5.084762945198004,2.4847437783790323,7.770057641642657,True
Ulsoor Lake,2022,5.6798312538336875,5.137661791028028,2.537275556861016,7.814348255009878,True
Ulsoor Lake,2023,5.767383056065796,5.190560636858052,2.589807335343,7.858638868377099,True
Varthur Lake,2016,4.152613470346076,5.036656508650325,2.763403455464579,8.089748600307765,True
Varthur Lake,2017,4.2456340097683265,5.0896949896756665,2.81610977794071,8.134213757669134,True
Varthur Lake,2018,4.428433007488037,5.142733470701008,2.86881610041684,8.178678915030499,True
Varthur Lake,2019,4.609162207257629,5.195771951726349,2.921522422892971,8.223144072391868,True
Varthur Lake,2020,4.422448549172797,5.24881043275169,2.9742287453691008,8.267609229753234,True
Varthur Lake,2021,4.509760001183433,5.3018489137770315,3.0269350678452316,8.312074387114603,True
Varthur Lake,2022,4.414009680526933,5.354887394802373,3.0796413903213615,8.356539544475968,True
Varthur Lake,2023,4.6491870714048655,5.407925875827714,3.1323477127974924,8.401004701837337,True
