lake,year,water_frac,pred,lo,hi
Bellandur Lake,2019,0.1305,0.5701,-0.0884,1.2286
Bellandur Lake,2020,0.0861,0.6088,-0.0497,1.2673
Bellandur Lake,2021,0.0,0.6524,-0.0061,1.3109
Bellandur Lake,2022,0.0677,0.6815,0.023,1.34
Bellandur Lake,2023,0.0994,0.7321,0.0736,1.3906
Bellandur Lake,2024,0.1295,0.7135,0.055,1.3719
Bellandur Lake,2025,0.2162,0.7506,0.0922,1.4091
Hebbal Lake,2019,0.0,0.533,-0.1255,1.1915
Hebbal Lake,2020,0.6065,0.5369,-0.1216,1.1954
Hebbal Lake,2021,0.8363,0.5368,-0.1216,1.1953
Hebbal Lake,2022,0.8495,0.5482,-0.1103,1.2067
Hebbal Lake,2023,0.8398,0.5426,-0.1159,1.2011
Hebbal Lake,2024,0.8653,0.5915,-0.067,1.25
Hebbal Lake,2025,0.8495,0.5965,-0.062,1.255
Madiwala Lake,2019,0.9439,0.4336,-0.2248,1.0921
Madiwala Lake,2020,0.3017,0.4717,-0.1868,1.1302
Madiwala Lake,2021,0.9636,0.5145,-0.144,1.173
Madiwala Lake,2022,0.9395,0.5433,-0.1152,1.2018
Madiwala Lake,2023,0.6808,0.5929,-0.0655,1.2514
Madiwala Lake,2024,0.9723,0.5755,-0.083,1.234
Madiwala Lake,2025,0.7544,0.6121,-0.0464,1.2706
Sankey Tank,2019,0.9452,0.4002,-0.2582,1.0587
Sankey Tank,2020,0.9226,0.4379,-0.2206,1.0964
Sankey Tank,2021,0.9258,0.4786,-0.1799,1.1371
Sankey Tank,2022,0.9548,0.5103,-0.1481,1.1688
Sankey Tank,2023,0.9484,0.5554,-0.1031,1.2139
Sankey Tank,2024,0.9548,0.5575,-0.101,1.216
Sankey Tank,2025,0.9516,0.5943,-0.0642,1.2527
Ulsoor Lake,2019,0.8048,0.4253,-0.2332,1.0838
Ulsoor Lake,2020,0.8227,0.4571,-0.2014,1.1155
Ulsoor Lake,2021,0.9328,0.4892,-0.1693,1.1477
Ulsoor Lake,2022,0.9192,0.5203,-0.1382,1.1787
Ulsoor Lake,2023,0.9108,0.5529,-0.1056,1.2114
Ulsoor Lake,2024,0.7692,0.5804,-0.078,1.2389
Ulsoor Lake,2025,0.9286,0.6121,-0.0464,1.2706
Varthur Lake,2019,0.1063,0.572,-0.0865,1.2305
Varthur Lake,2020,0.0676,0.6133,-0.0452,1.2718
Varthur Lake,2021,0.0,0.6602,0.0017,1.3187
Varthur Lake,2022,0.0281,0.6907,0.0322,1.3492
Varthur Lake,2023,0.0,0.7456,0.0871,1.4041
Varthur Lake,2024,0.0465,0.7217,0.0632,1.3802
Varthur Lake,2025,0.2021,0.7613,0.1028,1.4198
